employee_code,week_in_cycle,weekday,start_time,end_time,shift_code,is_working,note
employee_001,1,1,08:00:00,18:00:00,day,true,day_shift_mon_fri
employee_001,1,2,08:00:00,18:00:00,day,true,day_shift_mon_fri
employee_001,1,3,08:00:00,18:00:00,day,true,day_shift_mon_fri
employee_001,1,4,08:00:00,18:00:00,day,true,day_shift_mon_fri
employee_001,1,5,08:00:00,18:00:00,day,true,day_shift_mon_fri
employee_001,1,6,00:00:00,23:59:59,day,false,weekend_off_saturday
employee_001,1,7,00:00:00,23:59:59,day,false,weekend_off_sunday
employee_001,2,1,20:00:00,23:59:59,night,true,night_shift_start_mon_fri
employee_001,2,2,00:00:00,06:00:00,night,true,night_shift_next_day
employee_001,2,2,20:00:00,23:59:59,night,true,night_shift_start_mon_fri
employee_001,2,3,00:00:00,06:00:00,night,true,night_shift_next_day
employee_001,2,3,20:00:00,23:59:59,night,true,night_shift_start_mon_fri
employee_001,2,4,00:00:00,06:00:00,night,true,night_shift_next_day
employee_001,2,4,20:00:00,23:59:59,night,true,night_shift_start_mon_fri
employee_001,2,5,00:00:00,06:00:00,night,true,night_shift_next_day
employee_001,2,5,20:00:00,23:59:59,night,true,night_shift_start_mon_fri
employee_001,2,6,00:00:00,06:00:00,night,true,night_shift_next_day
employee_001,2,6,06:00:00,23:59:59,night,false,weekend_off_after_fri_night
employee_001,2,7,00:00:00,23:59:59,day,false,weekend_off_sunday
employee_002,1,1,08:00:00,18:00:00,day,true,day_shift_mon_fri
employee_002,1,2,08:00:00,18:00:00,day,true,day_shift_mon_fri
employee_002,1,3,08:00:00,18:00:00,day,true,day_shift_mon_fri
employee_002,1,4,08:00:00,18:00:00,day,true,day_shift_mon_fri
employee_002,1,5,08:00:00,18:00:00,day,true,day_shift_mon_fri
employee_002,1,6,00:00:00,23:59:59,day,false,weekend_off_saturday
employee_002,1,7,00:00:00,23:59:59,day,false,weekend_off_sunday
employee_002,2,1,20:00:00,23:59:59,night,true,night_shift_start_mon_fri
employee_002,2,2,00:00:00,06:00:00,night,true,night_shift_next_day
employee_002,2,2,20:00:00,23:59:59,night,true,night_shift_start_mon_fri
employee_002,2,3,00:00:00,06:00:00,night,true,night_shift_next_day
employee_002,2,3,20:00:00,23:59:59,night,true,night_shift_start_mon_fri
employee_002,2,4,00:00:00,06:00:00,night,true,night_shift_next_day
employee_002,2,4,20:00:00,23:59:59,night,true,night_shift_start_mon_fri
employee_002,2,5,00:00:00,06:00:00,night,true,night_shift_next_day
employee_002,2,5,20:00:00,23:59:59,night,true,night_shift_start_mon_fri
employee_002,2,6,00:00:00,06:00:00,night,true,night_shift_next_day
employee_002,2,6,06:00:00,23:59:59,night,false,weekend_off_after_fri_night
employee_002,2,7,00:00:00,23:59:59,day,false,weekend_off_sunday
employee_003,1,1,08:00:00,18:00:00,day,true,day_shift_mon_fri
employee_003,1,2,08:00:00,18:00:00,day,true,day_shift_mon_fri
employee_003,1,3,08:00:00,18:00:00,day,true,day_shift_mon_fri
employee_003,1,4,08:00:00,18:00:00,day,true,day_shift_mon_fri
employee_003,1,5,08:00:00,18:00:00,day,true,day_shift_mon_fri
employee_003,1,6,00:00:00,23:59:59,day,false,weekend_off_saturday
employee_003,1,7,00:00:00,23:59:59,day,false,weekend_off_sunday
employee_003,2,1,20:00:00,23:59:59,night,true,night_shift_start_mon_fri
employee_003,2,2,00:00:00,06:00:00,night,true,night_shift_next_day
employee_003,2,2,20:00:00,23:59:59,night,true,night_shift_start_mon_fri
employee_003,2,3,00:00:00,06:00:00,night,true,night_shift_next_day
employee_003,2,3,20:00:00,23:59:59,night,true,night_shift_start_mon_fri
employee_003,2,4,00:00:00,06:00:00,night,true,night_shift_next_day
employee_003,2,4,20:00:00,23:59:59,night,true,night_shift_start_mon_fri
employee_003,2,5,00:00:00,06:00:00,night,true,night_shift_next_day
employee_003,2,5,20:00:00,23:59:59,night,true,night_shift_start_mon_fri
employee_003,2,6,00:00:00,06:00:00,night,true,night_shift_next_day
employee_003,2,6,06:00:00,23:59:59,night,false,weekend_off_after_fri_night
employee_003,2,7,00:00:00,23:59:59,day,false,weekend_off_sunday
employee_004,1,1,08:00:00,18:00:00,day,true,day_shift_mon_fri
employee_004,1,2,08:00:00,18:00:00,day,true,day_shift_mon_fri
employee_004,1,3,08:00:00,18:00:00,day,true,day_shift_mon_fri
employee_004,1,4,08:00:00,18:00:00,day,true,day_shift_mon_fri
employee_004,1,5,08:00:00,18:00:00,day,true,day_shift_mon_fri
employee_004,1,6,00:00:00,23:59:59,day,false,weekend_off_saturday
employee_004,1,7,00:00:00,23:59:59,day,false,weekend_off_sunday
employee_004,2,1,20:00:00,23:59:59,night,true,night_shift_start_mon_fri
employee_004,2,2,00:00:00,06:00:00,night,true,night_shift_next_day
employee_004,2,2,20:00:00,23:59:59,night,true,night_shift_start_mon_fri
employee_004,2,3,00:00:00,06:00:00,night,true,night_shift_next_day
employee_004,2,3,20:00:00,23:59:59,night,true,night_shift_start_mon_fri
employee_004,2,4,00:00:00,06:00:00,night,true,night_shift_next_day
employee_004,2,4,20:00:00,23:59:59,night,true,night_shift_start_mon_fri
employee_004,2,5,00:00:00,06:00:00,night,true,night_shift_next_day
employee_004,2,5,20:00:00,23:59:59,night,true,night_shift_start_mon_fri
employee_004,2,6,00:00:00,06:00:00,night,true,night_shift_next_day
employee_004,2,6,06:00:00,23:59:59,night,false,weekend_off_after_fri_night
employee_004,2,7,00:00:00,23:59:59,day,false,weekend_off_sunday
employee_005,1,1,20:00:00,23:59:59,night,true,night_shift_start_mon_fri
employee_005,1,2,00:00:00,06:00:00,night,true,night_shift_next_day
employee_005,1,2,20:00:00,23:59:59,night,true,night_shift_start_mon_fri
employee_005,1,3,00:00:00,06:00:00,night,true,night_shift_next_day
employee_005,1,3,20:00:00,23:59:59,night,true,night_shift_start_mon_fri
employee_005,1,4,00:00:00,06:00:00,night,true,night_shift_next_day
employee_005,1,4,20:00:00,23:59:59,night,true,night_shift_start_mon_fri
employee_005,1,5,00:00:00,06:00:00,night,true,night_shift_next_day
employee_005,1,5,20:00:00,23:59:59,night,true,night_shift_start_mon_fri
employee_005,1,6,00:00:00,06:00:00,night,true,night_shift_next_day
employee_005,1,6,06:00:00,23:59:59,night,false,weekend_off_after_fri_night
employee_005,1,7,00:00:00,23:59:59,day,false,weekend_off_sunday
employee_005,2,1,08:00:00,18:00:00,day,true,day_shift_mon_fri
employee_005,2,2,08:00:00,18:00:00,day,true,day_shift_mon_fri
employee_005,2,3,08:00:00,18:00:00,day,true,day_shift_mon_fri
employee_005,2,4,08:00:00,18:00:00,day,true,day_shift_mon_fri
employee_005,2,5,08:00:00,18:00:00,day,true,day_shift_mon_fri
employee_005,2,6,00:00:00,23:59:59,day,false,weekend_off_saturday
employee_005,2,7,00:00:00,23:59:59,day,false,weekend_off_sunday
employee_006,1,1,20:00:00,23:59:59,night,true,night_shift_start_mon_fri
employee_006,1,2,00:00:00,06:00:00,night,true,night_shift_next_day
employee_006,1,2,20:00:00,23:59:59,night,true,night_shift_start_mon_fri
employee_006,1,3,00:00:00,06:00:00,night,true,night_shift_next_day
employee_006,1,3,20:00:00,23:59:59,night,true,night_shift_start_mon_fri
employee_006,1,4,00:00:00,06:00:00,night,true,night_shift_next_day
employee_006,1,4,20:00:00,23:59:59,night,true,night_shift_start_mon_fri
employee_006,1,5,00:00:00,06:00:00,night,true,night_shift_next_day
employee_006,1,5,20:00:00,23:59:59,night,true,night_shift_start_mon_fri
employee_006,1,6,00:00:00,06:00:00,night,true,night_shift_next_day
employee_006,1,6,06:00:00,23:59:59,night,false,weekend_off_after_fri_night
employee_006,1,7,00:00:00,23:59:59,day,false,weekend_off_sunday
employee_006,2,1,08:00:00,18:00:00,day,true,day_shift_mon_fri
employee_006,2,2,08:00:00,18:00:00,day,true,day_shift_mon_fri
employee_006,2,3,08:00:00,18:00:00,day,true,day_shift_mon_fri
employee_006,2,4,08:00:00,18:00:00,day,true,day_shift_mon_fri
employee_006,2,5,08:00:00,18:00:00,day,true,day_shift_mon_fri
employee_006,2,6,00:00:00,23:59:59,day,false,weekend_off_saturday
employee_006,2,7,00:00:00,23:59:59,day,false,weekend_off_sunday
employee_007,1,1,20:00:00,23:59:59,night,true,night_shift_start_mon_fri
employee_007,1,2,00:00:00,06:00:00,night,true,night_shift_next_day
employee_007,1,2,20:00:00,23:59:59,night,true,night_shift_start_mon_fri
employee_007,1,3,00:00:00,06:00:00,night,true,night_shift_next_day
employee_007,1,3,20:00:00,23:59:59,night,true,night_shift_start_mon_fri
employee_007,1,4,00:00:00,06:00:00,night,true,night_shift_next_day
employee_007,1,4,20:00:00,23:59:59,night,true,night_shift_start_mon_fri
employee_007,1,5,00:00:00,06:00:00,night,true,night_shift_next_day
employee_007,1,5,20:00:00,23:59:59,night,true,night_shift_start_mon_fri
employee_007,1,6,00:00:00,06:00:00,night,true,night_shift_next_day
employee_007,1,6,06:00:00,23:59:59,night,false,weekend_off_after_fri_night
employee_007,1,7,00:00:00,23:59:59,day,false,weekend_off_sunday
employee_007,2,1,08:00:00,18:00:00,day,true,day_shift_mon_fri
employee_007,2,2,08:00:00,18:00:00,day,true,day_shift_mon_fri
employee_007,2,3,08:00:00,18:00:00,day,true,day_shift_mon_fri
employee_007,2,4,08:00:00,18:00:00,day,true,day_shift_mon_fri
employee_007,2,5,08:00:00,18:00:00,day,true,day_shift_mon_fri
employee_007,2,6,00:00:00,23:59:59,day,false,weekend_off_saturday
employee_007,2,7,00:00:00,23:59:59,day,false,weekend_off_sunday
employee_008,1,1,20:00:00,23:59:59,night,true,night_shift_start_mon_fri
employee_008,1,2,00:00:00,06:00:00,night,true,night_shift_next_day
employee_008,1,2,20:00:00,23:59:59,night,true,night_shift_start_mon_fri
employee_008,1,3,00:00:00,06:00:00,night,true,night_shift_next_day
employee_008,1,3,20:00:00,23:59:59,night,true,night_shift_start_mon_fri
employee_008,1,4,00:00:00,06:00:00,night,true,night_shift_next_day
employee_008,1,4,20:00:00,23:59:59,night,true,night_shift_start_mon_fri
employee_008,1,5,00:00:00,06:00:00,night,true,night_shift_next_day
employee_008,1,5,20:00:00,23:59:59,night,true,night_shift_start_mon_fri
employee_008,1,6,00:00:00,06:00:00,night,true,night_shift_next_day
employee_008,1,6,06:00:00,23:59:59,night,false,weekend_off_after_fri_night
employee_008,1,7,00:00:00,23:59:59,day,false,weekend_off_sunday
employee_008,2,1,08:00:00,18:00:00,day,true,day_shift_mon_fri
employee_008,2,2,08:00:00,18:00:00,day,true,day_shift_mon_fri
employee_008,2,3,08:00:00,18:00:00,day,true,day_shift_mon_fri
employee_008,2,4,08:00:00,18:00:00,day,true,day_shift_mon_fri
employee_008,2,5,08:00:00,18:00:00,day,true,day_shift_mon_fri
employee_008,2,6,00:00:00,23:59:59,day,false,weekend_off_saturday
employee_008,2,7,00:00:00,23:59:59,day,false,weekend_off_sunday
employee_009,1,1,08:00:00,18:00:00,day,true,day_shift_mon_fri
employee_009,1,2,08:00:00,18:00:00,day,true,day_shift_mon_fri
employee_009,1,3,08:00:00,18:00:00,day,true,day_shift_mon_fri
employee_009,1,4,08:00:00,18:00:00,day,true,day_shift_mon_fri
employee_009,1,5,08:00:00,18:00:00,day,true,day_shift_mon_fri
employee_009,1,6,00:00:00,23:59:59,day,false,weekend_off_saturday
employee_009,1,7,00:00:00,23:59:59,day,false,weekend_off_sunday
employee_009,2,1,20:00:00,23:59:59,night,true,night_shift_start_mon_fri
employee_009,2,2,00:00:00,06:00:00,night,true,night_shift_next_day
employee_009,2,2,20:00:00,23:59:59,night,true,night_shift_start_mon_fri
employee_009,2,3,00:00:00,06:00:00,night,true,night_shift_next_day
employee_009,2,3,20:00:00,23:59:59,night,true,night_shift_start_mon_fri
employee_009,2,4,00:00:00,06:00:00,night,true,night_shift_next_day
employee_009,2,4,20:00:00,23:59:59,night,true,night_shift_start_mon_fri
employee_009,2,5,00:00:00,06:00:00,night,true,night_shift_next_day
employee_009,2,5,20:00:00,23:59:59,night,true,night_shift_start_mon_fri
employee_009,2,6,00:00:00,06:00:00,night,true,night_shift_next_day
employee_009,2,6,06:00:00,23:59:59,night,false,weekend_off_after_fri_night
employee_009,2,7,00:00:00,23:59:59,day,false,weekend_off_sunday
employee_010,1,1,08:00:00,18:00:00,day,true,day_shift_mon_fri
employee_010,1,2,08:00:00,18:00:00,day,true,day_shift_mon_fri
employee_010,1,3,08:00:00,18:00:00,day,true,day_shift_mon_fri
employee_010,1,4,08:00:00,18:00:00,day,true,day_shift_mon_fri
employee_010,1,5,08:00:00,18:00:00,day,true,day_shift_mon_fri
employee_010,1,6,00:00:00,23:59:59,day,false,weekend_off_saturday
employee_010,1,7,00:00:00,23:59:59,day,false,weekend_off_sunday
employee_010,2,1,20:00:00,23:59:59,night,true,night_shift_start_mon_fri
employee_010,2,2,00:00:00,06:00:00,night,true,night_shift_next_day
employee_010,2,2,20:00:00,23:59:59,night,true,night_shift_start_mon_fri
employee_010,2,3,00:00:00,06:00:00,night,true,night_shift_next_day
employee_010,2,3,20:00:00,23:59:59,night,true,night_shift_start_mon_fri
employee_010,2,4,00:00:00,06:00:00,night,true,night_shift_next_day
employee_010,2,4,20:00:00,23:59:59,night,true,night_shift_start_mon_fri
employee_010,2,5,00:00:00,06:00:00,night,true,night_shift_next_day
employee_010,2,5,20:00:00,23:59:59,night,true,night_shift_start_mon_fri
employee_010,2,6,00:00:00,06:00:00,night,true,night_shift_next_day
employee_010,2,6,06:00:00,23:59:59,night,false,weekend_off_after_fri_night
employee_010,2,7,00:00:00,23:59:59,day,false,weekend_off_sunday
employee_011,1,1,08:00:00,18:00:00,day,true,day_shift_mon_fri
employee_011,1,2,08:00:00,18:00:00,day,true,day_shift_mon_fri
employee_011,1,3,08:00:00,18:00:00,day,true,day_shift_mon_fri
employee_011,1,4,08:00:00,18:00:00,day,true,day_shift_mon_fri
employee_011,1,5,08:00:00,18:00:00,day,true,day_shift_mon_fri
employee_011,1,6,00:00:00,23:59:59,day,false,weekend_off_saturday
employee_011,1,7,00:00:00,23:59:59,day,false,weekend_off_sunday
employee_011,2,1,20:00:00,23:59:59,night,true,night_shift_start_mon_fri
employee_011,2,2,00:00:00,06:00:00,night,true,night_shift_next_day
employee_011,2,2,20:00:00,23:59:59,night,true,night_shift_start_mon_fri
employee_011,2,3,00:00:00,06:00:00,night,true,night_shift_next_day
employee_011,2,3,20:00:00,23:59:59,night,true,night_shift_start_mon_fri
employee_011,2,4,00:00:00,06:00:00,night,true,night_shift_next_day
employee_011,2,4,20:00:00,23:59:59,night,true,night_shift_start_mon_fri
employee_011,2,5,00:00:00,06:00:00,night,true,night_shift_next_day
employee_011,2,5,20:00:00,23:59:59,night,true,night_shift_start_mon_fri
employee_011,2,6,00:00:00,06:00:00,night,true,night_shift_next_day
employee_011,2,6,06:00:00,23:59:59,night,false,weekend_off_after_fri_night
employee_011,2,7,00:00:00,23:59:59,day,false,weekend_off_sunday
employee_012,1,1,08:00:00,18:00:00,day,true,day_shift_mon_fri
employee_012,1,2,08:00:00,18:00:00,day,true,day_shift_mon_fri
employee_012,1,3,08:00:00,18:00:00,day,true,day_shift_mon_fri
employee_012,1,4,08:00:00,18:00:00,day,true,day_shift_mon_fri
employee_012,1,5,08:00:00,18:00:00,day,true,day_shift_mon_fri
employee_012,1,6,00:00:00,23:59:59,day,false,weekend_off_saturday
employee_012,1,7,00:00:00,23:59:59,day,false,weekend_off_sunday
employee_012,2,1,20:00:00,23:59:59,night,true,night_shift_start_mon_fri
employee_012,2,2,00:00:00,06:00:00,night,true,night_shift_next_day
employee_012,2,2,20:00:00,23:59:59,night,true,night_shift_start_mon_fri
employee_012,2,3,00:00:00,06:00:00,night,true,night_shift_next_day
employee_012,2,3,20:00:00,23:59:59,night,true,night_shift_start_mon_fri
employee_012,2,4,00:00:00,06:00:00,night,true,night_shift_next_day
employee_012,2,4,20:00:00,23:59:59,night,true,night_shift_start_mon_fri
employee_012,2,5,00:00:00,06:00:00,night,true,night_shift_next_day
employee_012,2,5,20:00:00,23:59:59,night,true,night_shift_start_mon_fri
employee_012,2,6,00:00:00,06:00:00,night,true,night_shift_next_day
employee_012,2,6,06:00:00,23:59:59,night,false,weekend_off_after_fri_night
employee_012,2,7,00:00:00,23:59:59,day,false,weekend_off_sunday
employee_013,1,1,20:00:00,23:59:59,night,true,night_shift_start_mon_fri
employee_013,1,2,00:00:00,06:00:00,night,true,night_shift_next_day
employee_013,1,2,20:00:00,23:59:59,night,true,night_shift_start_mon_fri
employee_013,1,3,00:00:00,06:00:00,night,true,night_shift_next_day
employee_013,1,3,20:00:00,23:59:59,night,true,night_shift_start_mon_fri
employee_013,1,4,00:00:00,06:00:00,night,true,night_shift_next_day
employee_013,1,4,20:00:00,23:59:59,night,true,night_shift_start_mon_fri
employee_013,1,5,00:00:00,06:00:00,night,true,night_shift_next_day
employee_013,1,5,20:00:00,23:59:59,night,true,night_shift_start_mon_fri
employee_013,1,6,00:00:00,06:00:00,night,true,night_shift_next_day
employee_013,1,6,06:00:00,23:59:59,night,false,weekend_off_after_fri_night
employee_013,1,7,00:00:00,23:59:59,day,false,weekend_off_sunday
employee_013,2,1,08:00:00,18:00:00,day,true,day_shift_mon_fri
employee_013,2,2,08:00:00,18:00:00,day,true,day_shift_mon_fri
employee_013,2,3,08:00:00,18:00:00,day,true,day_shift_mon_fri
employee_013,2,4,08:00:00,18:00:00,day,true,day_shift_mon_fri
employee_013,2,5,08:00:00,18:00:00,day,true,day_shift_mon_fri
employee_013,2,6,00:00:00,23:59:59,day,false,weekend_off_saturday
employee_013,2,7,00:00:00,23:59:59,day,false,weekend_off_sunday
employee_014,1,1,20:00:00,23:59:59,night,true,night_shift_start_mon_fri
employee_014,1,2,00:00:00,06:00:00,night,true,night_shift_next_day
employee_014,1,2,20:00:00,23:59:59,night,true,night_shift_start_mon_fri
employee_014,1,3,00:00:00,06:00:00,night,true,night_shift_next_day
employee_014,1,3,20:00:00,23:59:59,night,true,night_shift_start_mon_fri
employee_014,1,4,00:00:00,06:00:00,night,true,night_shift_next_day
employee_014,1,4,20:00:00,23:59:59,night,true,night_shift_start_mon_fri
employee_014,1,5,00:00:00,06:00:00,night,true,night_shift_next_day
employee_014,1,5,20:00:00,23:59:59,night,true,night_shift_start_mon_fri
employee_014,1,6,00:00:00,06:00:00,night,true,night_shift_next_day
employee_014,1,6,06:00:00,23:59:59,night,false,weekend_off_after_fri_night
employee_014,1,7,00:00:00,23:59:59,day,false,weekend_off_sunday
employee_014,2,1,08:00:00,18:00:00,day,true,day_shift_mon_fri
employee_014,2,2,08:00:00,18:00:00,day,true,day_shift_mon_fri
employee_014,2,3,08:00:00,18:00:00,day,true,day_shift_mon_fri
employee_014,2,4,08:00:00,18:00:00,day,true,day_shift_mon_fri
employee_014,2,5,08:00:00,18:00:00,day,true,day_shift_mon_fri
employee_014,2,6,00:00:00,23:59:59,day,false,weekend_off_saturday
employee_014,2,7,00:00:00,23:59:59,day,false,weekend_off_sunday
employee_015,1,1,20:00:00,23:59:59,night,true,night_shift_start_mon_fri
employee_015,1,2,00:00:00,06:00:00,night,true,night_shift_next_day
employee_015,1,2,20:00:00,23:59:59,night,true,night_shift_start_mon_fri
employee_015,1,3,00:00:00,06:00:00,night,true,night_shift_next_day
employee_015,1,3,20:00:00,23:59:59,night,true,night_shift_start_mon_fri
employee_015,1,4,00:00:00,06:00:00,night,true,night_shift_next_day
employee_015,1,4,20:00:00,23:59:59,night,true,night_shift_start_mon_fri
employee_015,1,5,00:00:00,06:00:00,night,true,night_shift_next_day
employee_015,1,5,20:00:00,23:59:59,night,true,night_shift_start_mon_fri
employee_015,1,6,00:00:00,06:00:00,night,true,night_shift_next_day
employee_015,1,6,06:00:00,23:59:59,night,false,weekend_off_after_fri_night
employee_015,1,7,00:00:00,23:59:59,day,false,weekend_off_sunday
employee_015,2,1,08:00:00,18:00:00,day,true,day_shift_mon_fri
employee_015,2,2,08:00:00,18:00:00,day,true,day_shift_mon_fri
employee_015,2,3,08:00:00,18:00:00,day,true,day_shift_mon_fri
employee_015,2,4,08:00:00,18:00:00,day,true,day_shift_mon_fri
employee_015,2,5,08:00:00,18:00:00,day,true,day_shift_mon_fri
employee_015,2,6,00:00:00,23:59:59,day,false,weekend_off_saturday
employee_015,2,7,00:00:00,23:59:59,day,false,weekend_off_sunday
employee_016,1,1,20:00:00,23:59:59,night,true,night_shift_start_mon_fri
employee_016,1,2,00:00:00,06:00:00,night,true,night_shift_next_day
employee_016,1,2,20:00:00,23:59:59,night,true,night_shift_start_mon_fri
employee_016,1,3,00:00:00,06:00:00,night,true,night_shift_next_day
employee_016,1,3,20:00:00,23:59:59,night,true,night_shift_start_mon_fri
employee_016,1,4,00:00:00,06:00:00,night,true,night_shift_next_day
employee_016,1,4,20:00:00,23:59:59,night,true,night_shift_start_mon_fri
employee_016,1,5,00:00:00,06:00:00,night,true,night_shift_next_day
employee_016,1,5,20:00:00,23:59:59,night,true,night_shift_start_mon_fri
employee_016,1,6,00:00:00,06:00:00,night,true,night_shift_next_day
employee_016,1,6,06:00:00,23:59:59,night,false,weekend_off_after_fri_night
employee_016,1,7,00:00:00,23:59:59,day,false,weekend_off_sunday
employee_016,2,1,08:00:00,18:00:00,day,true,day_shift_mon_fri
employee_016,2,2,08:00:00,18:00:00,day,true,day_shift_mon_fri
employee_016,2,3,08:00:00,18:00:00,day,true,day_shift_mon_fri
employee_016,2,4,08:00:00,18:00:00,day,true,day_shift_mon_fri
employee_016,2,5,08:00:00,18:00:00,day,true,day_shift_mon_fri
employee_016,2,6,00:00:00,23:59:59,day,false,weekend_off_saturday
employee_016,2,7,00:00:00,23:59:59,day,false,weekend_off_sunday
employee_017,1,1,08:00:00,18:00:00,day,true,day_shift_mon_fri
employee_017,1,2,08:00:00,18:00:00,day,true,day_shift_mon_fri
employee_017,1,3,08:00:00,18:00:00,day,true,day_shift_mon_fri
employee_017,1,4,08:00:00,18:00:00,day,true,day_shift_mon_fri
employee_017,1,5,08:00:00,18:00:00,day,true,day_shift_mon_fri
employee_017,1,6,00:00:00,23:59:59,day,false,weekend_off_saturday
employee_017,1,7,00:00:00,23:59:59,day,false,weekend_off_sunday
employee_017,2,1,08:00:00,18:00:00,day,true,day_shift_mon_fri
employee_017,2,2,08:00:00,18:00:00,day,true,day_shift_mon_fri
employee_017,2,3,08:00:00,18:00:00,day,true,day_shift_mon_fri
employee_017,2,4,08:00:00,18:00:00,day,true,day_shift_mon_fri
employee_017,2,5,08:00:00,18:00:00,day,true,day_shift_mon_fri
employee_017,2,6,00:00:00,23:59:59,day,false,weekend_off_saturday
employee_017,2,7,00:00:00,23:59:59,day,false,weekend_off_sunday
employee_018,1,1,08:00:00,18:00:00,day,true,day_shift_mon_fri
employee_018,1,2,08:00:00,18:00:00,day,true,day_shift_mon_fri
employee_018,1,3,08:00:00,18:00:00,day,true,day_shift_mon_fri
employee_018,1,4,08:00:00,18:00:00,day,true,day_shift_mon_fri
employee_018,1,5,08:00:00,18:00:00,day,true,day_shift_mon_fri
employee_018,1,6,00:00:00,23:59:59,day,false,weekend_off_saturday
employee_018,1,7,00:00:00,23:59:59,day,false,weekend_off_sunday
employee_018,2,1,08:00:00,18:00:00,day,true,day_shift_mon_fri
employee_018,2,2,08:00:00,18:00:00,day,true,day_shift_mon_fri
employee_018,2,3,08:00:00,18:00:00,day,true,day_shift_mon_fri
employee_018,2,4,08:00:00,18:00:00,day,true,day_shift_mon_fri
employee_018,2,5,08:00:00,18:00:00,day,true,day_shift_mon_fri
employee_018,2,6,00:00:00,23:59:59,day,false,weekend_off_saturday
employee_018,2,7,00:00:00,23:59:59,day,false,weekend_off_sunday
employee_019,1,1,08:00:00,18:00:00,day,true,day_shift_mon_fri
employee_019,1,2,08:00:00,18:00:00,day,true,day_shift_mon_fri
employee_019,1,3,08:00:00,18:00:00,day,true,day_shift_mon_fri
employee_019,1,4,08:00:00,18:00:00,day,true,day_shift_mon_fri
employee_019,1,5,08:00:00,18:00:00,day,true,day_shift_mon_fri
employee_019,1,6,00:00:00,23:59:59,day,false,weekend_off_saturday
employee_019,1,7,00:00:00,23:59:59,day,false,weekend_off_sunday
employee_019,2,1,08:00:00,18:00:00,day,true,day_shift_mon_fri
employee_019,2,2,08:00:00,18:00:00,day,true,day_shift_mon_fri
employee_019,2,3,08:00:00,18:00:00,day,true,day_shift_mon_fri
employee_019,2,4,08:00:00,18:00:00,day,true,day_shift_mon_fri
employee_019,2,5,08:00:00,18:00:00,day,true,day_shift_mon_fri
employee_019,2,6,00:00:00,23:59:59,day,false,weekend_off_saturday
employee_019,2,7,00:00:00,23:59:59,day,false,weekend_off_sunday
employee_020,1,1,08:00:00,18:00:00,day,true,day_shift_mon_fri
employee_020,1,2,08:00:00,18:00:00,day,true,day_shift_mon_fri
employee_020,1,3,08:00:00,18:00:00,day,true,day_shift_mon_fri
employee_020,1,4,08:00:00,18:00:00,day,true,day_shift_mon_fri
employee_020,1,5,08:00:00,18:00:00,day,true,day_shift_mon_fri
employee_020,1,6,00:00:00,23:59:59,day,false,weekend_off_saturday
employee_020,1,7,00:00:00,23:59:59,day,false,weekend_off_sunday
employee_020,2,1,08:00:00,18:00:00,day,true,day_shift_mon_fri
employee_020,2,2,08:00:00,18:00:00,day,true,day_shift_mon_fri
employee_020,2,3,08:00:00,18:00:00,day,true,day_shift_mon_fri
employee_020,2,4,08:00:00,18:00:00,day,true,day_shift_mon_fri
employee_020,2,5,08:00:00,18:00:00,day,true,day_shift_mon_fri
employee_020,2,6,00:00:00,23:59:59,day,false,weekend_off_saturday
employee_020,2,7,00:00:00,23:59:59,day,false,weekend_off_sunday
employee_021,1,1,08:00:00,18:00:00,day,true,day_shift_mon_fri
employee_021,1,2,08:00:00,18:00:00,day,true,day_shift_mon_fri
employee_021,1,3,08:00:00,18:00:00,day,true,day_shift_mon_fri
employee_021,1,4,08:00:00,18:00:00,day,true,day_shift_mon_fri
employee_021,1,5,08:00:00,18:00:00,day,true,day_shift_mon_fri
employee_021,1,6,00:00:00,23:59:59,day,false,weekend_off_saturday
employee_021,1,7,00:00:00,23:59:59,day,false,weekend_off_sunday
employee_021,2,1,08:00:00,18:00:00,day,true,day_shift_mon_fri
employee_021,2,2,08:00:00,18:00:00,day,true,day_shift_mon_fri
employee_021,2,3,08:00:00,18:00:00,day,true,day_shift_mon_fri
employee_021,2,4,08:00:00,18:00:00,day,true,day_shift_mon_fri
employee_021,2,5,08:00:00,18:00:00,day,true,day_shift_mon_fri
employee_021,2,6,00:00:00,23:59:59,day,false,weekend_off_saturday
employee_021,2,7,00:00:00,23:59:59,day,false,weekend_off_sunday
employee_022,1,1,08:00:00,18:00:00,day,true,day_shift_mon_fri
employee_022,1,2,08:00:00,18:00:00,day,true,day_shift_mon_fri
employee_022,1,3,08:00:00,18:00:00,day,true,day_shift_mon_fri
employee_022,1,4,08:00:00,18:00:00,day,true,day_shift_mon_fri
employee_022,1,5,08:00:00,18:00:00,day,true,day_shift_mon_fri
employee_022,1,6,00:00:00,23:59:59,day,false,weekend_off_saturday
employee_022,1,7,00:00:00,23:59:59,day,false,weekend_off_sunday
employee_022,2,1,08:00:00,18:00:00,day,true,day_shift_mon_fri
employee_022,2,2,08:00:00,18:00:00,day,true,day_shift_mon_fri
employee_022,2,3,08:00:00,18:00:00,day,true,day_shift_mon_fri
employee_022,2,4,08:00:00,18:00:00,day,true,day_shift_mon_fri
employee_022,2,5,08:00:00,18:00:00,day,true,day_shift_mon_fri
employee_022,2,6,00:00:00,23:59:59,day,false,weekend_off_saturday
employee_022,2,7,00:00:00,23:59:59,day,false,weekend_off_sunday
employee_023,1,1,08:00:00,18:00:00,day,true,day_shift_mon_fri
employee_023,1,2,08:00:00,18:00:00,day,true,day_shift_mon_fri
employee_023,1,3,08:00:00,18:00:00,day,true,day_shift_mon_fri
employee_023,1,4,08:00:00,18:00:00,day,true,day_shift_mon_fri
employee_023,1,5,08:00:00,18:00:00,day,true,day_shift_mon_fri
employee_023,1,6,00:00:00,23:59:59,day,false,weekend_off_saturday
employee_023,1,7,00:00:00,23:59:59,day,false,weekend_off_sunday
employee_023,2,1,08:00:00,18:00:00,day,true,day_shift_mon_fri
employee_023,2,2,08:00:00,18:00:00,day,true,day_shift_mon_fri
employee_023,2,3,08:00:00,18:00:00,day,true,day_shift_mon_fri
employee_023,2,4,08:00:00,18:00:00,day,true,day_shift_mon_fri
employee_023,2,5,08:00:00,18:00:00,day,true,day_shift_mon_fri
employee_023,2,6,00:00:00,23:59:59,day,false,weekend_off_saturday
employee_023,2,7,00:00:00,23:59:59,day,false,weekend_off_sunday
employee_024,1,1,08:00:00,18:00:00,day,true,day_shift_mon_fri
employee_024,1,2,08:00:00,18:00:00,day,true,day_shift_mon_fri
employee_024,1,3,08:00:00,18:00:00,day,true,day_shift_mon_fri
employee_024,1,4,08:00:00,18:00:00,day,true,day_shift_mon_fri
employee_024,1,5,08:00:00,18:00:00,day,true,day_shift_mon_fri
employee_024,1,6,00:00:00,23:59:59,day,false,weekend_off_saturday
employee_024,1,7,00:00:00,23:59:59,day,false,weekend_off_sunday
employee_024,2,1,08:00:00,18:00:00,day,true,day_shift_mon_fri
employee_024,2,2,08:00:00,18:00:00,day,true,day_shift_mon_fri
employee_024,2,3,08:00:00,18:00:00,day,true,day_shift_mon_fri
employee_024,2,4,08:00:00,18:00:00,day,true,day_shift_mon_fri
employee_024,2,5,08:00:00,18:00:00,day,true,day_shift_mon_fri
employee_024,2,6,00:00:00,23:59:59,day,false,weekend_off_saturday
employee_024,2,7,00:00:00,23:59:59,day,false,weekend_off_sunday
employee_025,1,1,08:00:00,18:00:00,day,true,day_shift_mon_fri
employee_025,1,2,08:00:00,18:00:00,day,true,day_shift_mon_fri
employee_025,1,3,08:00:00,18:00:00,day,true,day_shift_mon_fri
employee_025,1,4,08:00:00,18:00:00,day,true,day_shift_mon_fri
employee_025,1,5,08:00:00,18:00:00,day,true,day_shift_mon_fri
employee_025,1,6,00:00:00,23:59:59,day,false,weekend_off_saturday
employee_025,1,7,00:00:00,23:59:59,day,false,weekend_off_sunday
employee_025,2,1,08:00:00,18:00:00,day,true,day_shift_mon_fri
employee_025,2,2,08:00:00,18:00:00,day,true,day_shift_mon_fri
employee_025,2,3,08:00:00,18:00:00,day,true,day_shift_mon_fri
employee_025,2,4,08:00:00,18:00:00,day,true,day_shift_mon_fri
employee_025,2,5,08:00:00,18:00:00,day,true,day_shift_mon_fri
employee_025,2,6,00:00:00,23:59:59,day,false,weekend_off_saturday
employee_025,2,7,00:00:00,23:59:59,day,false,weekend_off_sunday
employee_026,1,1,08:00:00,18:00:00,day,true,day_shift_mon_fri
employee_026,1,2,08:00:00,18:00:00,day,true,day_shift_mon_fri
employee_026,1,3,08:00:00,18:00:00,day,true,day_shift_mon_fri
employee_026,1,4,08:00:00,18:00:00,day,true,day_shift_mon_fri
employee_026,1,5,08:00:00,18:00:00,day,true,day_shift_mon_fri
employee_026,1,6,00:00:00,23:59:59,day,false,weekend_off_saturday
employee_026,1,7,00:00:00,23:59:59,day,false,weekend_off_sunday
employee_026,2,1,08:00:00,18:00:00,day,true,day_shift_mon_fri
employee_026,2,2,08:00:00,18:00:00,day,true,day_shift_mon_fri
employee_026,2,3,08:00:00,18:00:00,day,true,day_shift_mon_fri
employee_026,2,4,08:00:00,18:00:00,day,true,day_shift_mon_fri
employee_026,2,5,08:00:00,18:00:00,day,true,day_shift_mon_fri
employee_026,2,6,00:00:00,23:59:59,day,false,weekend_off_saturday
employee_026,2,7,00:00:00,23:59:59,day,false,weekend_off_sunday
employee_027,1,1,08:00:00,18:00:00,day,true,day_shift_mon_fri
employee_027,1,2,08:00:00,18:00:00,day,true,day_shift_mon_fri
employee_027,1,3,08:00:00,18:00:00,day,true,day_shift_mon_fri
employee_027,1,4,08:00:00,18:00:00,day,true,day_shift_mon_fri
employee_027,1,5,08:00:00,18:00:00,day,true,day_shift_mon_fri
employee_027,1,6,00:00:00,23:59:59,day,false,weekend_off_saturday
employee_027,1,7,00:00:00,23:59:59,day,false,weekend_off_sunday
employee_027,2,1,08:00:00,18:00:00,day,true,day_shift_mon_fri
employee_027,2,2,08:00:00,18:00:00,day,true,day_shift_mon_fri
employee_027,2,3,08:00:00,18:00:00,day,true,day_shift_mon_fri
employee_027,2,4,08:00:00,18:00:00,day,true,day_shift_mon_fri
employee_027,2,5,08:00:00,18:00:00,day,true,day_shift_mon_fri
employee_027,2,6,00:00:00,23:59:59,day,false,weekend_off_saturday
employee_027,2,7,00:00:00,23:59:59,day,false,weekend_off_sunday
employee_028,1,1,08:00:00,18:00:00,day,true,day_shift_mon_fri
employee_028,1,2,08:00:00,18:00:00,day,true,day_shift_mon_fri
employee_028,1,3,08:00:00,18:00:00,day,true,day_shift_mon_fri
employee_028,1,4,08:00:00,18:00:00,day,true,day_shift_mon_fri
employee_028,1,5,08:00:00,18:00:00,day,true,day_shift_mon_fri
employee_028,1,6,00:00:00,23:59:59,day,false,weekend_off_saturday
employee_028,1,7,00:00:00,23:59:59,day,false,weekend_off_sunday
employee_028,2,1,08:00:00,18:00:00,day,true,day_shift_mon_fri
employee_028,2,2,08:00:00,18:00:00,day,true,day_shift_mon_fri
employee_028,2,3,08:00:00,18:00:00,day,true,day_shift_mon_fri
employee_028,2,4,08:00:00,18:00:00,day,true,day_shift_mon_fri
employee_028,2,5,08:00:00,18:00:00,day,true,day_shift_mon_fri
employee_028,2,6,00:00:00,23:59:59,day,false,weekend_off_saturday
employee_028,2,7,00:00:00,23:59:59,day,false,weekend_off_sunday
employee_029,1,1,08:00:00,18:00:00,day,true,day_shift_mon_fri
employee_029,1,2,08:00:00,18:00:00,day,true,day_shift_mon_fri
employee_029,1,3,08:00:00,18:00:00,day,true,day_shift_mon_fri
employee_029,1,4,08:00:00,18:00:00,day,true,day_shift_mon_fri
employee_029,1,5,08:00:00,18:00:00,day,true,day_shift_mon_fri
employee_029,1,6,00:00:00,23:59:59,day,false,weekend_off_saturday
employee_029,1,7,00:00:00,23:59:59,day,false,weekend_off_sunday
employee_029,2,1,08:00:00,18:00:00,day,true,day_shift_mon_fri
employee_029,2,2,08:00:00,18:00:00,day,true,day_shift_mon_fri
employee_029,2,3,08:00:00,18:00:00,day,true,day_shift_mon_fri
employee_029,2,4,08:00:00,18:00:00,day,true,day_shift_mon_fri
employee_029,2,5,08:00:00,18:00:00,day,true,day_shift_mon_fri
employee_029,2,6,00:00:00,23:59:59,day,false,weekend_off_saturday
employee_029,2,7,00:00:00,23:59:59,day,false,weekend_off_sunday
employee_030,1,1,08:00:00,18:00:00,day,true,day_shift_mon_fri
employee_030,1,2,08:00:00,18:00:00,day,true,day_shift_mon_fri
employee_030,1,3,08:00:00,18:00:00,day,true,day_shift_mon_fri
employee_030,1,4,08:00:00,18:00:00,day,true,day_shift_mon_fri
employee_030,1,5,08:00:00,18:00:00,day,true,day_shift_mon_fri
employee_030,1,6,00:00:00,23:59:59,day,false,weekend_off_saturday
employee_030,1,7,00:00:00,23:59:59,day,false,weekend_off_sunday
employee_030,2,1,08:00:00,18:00:00,day,true,day_shift_mon_fri
employee_030,2,2,08:00:00,18:00:00,day,true,day_shift_mon_fri
employee_030,2,3,08:00:00,18:00:00,day,true,day_shift_mon_fri
employee_030,2,4,08:00:00,18:00:00,day,true,day_shift_mon_fri
employee_030,2,5,08:00:00,18:00:00,day,true,day_shift_mon_fri
employee_030,2,6,00:00:00,23:59:59,day,false,weekend_off_saturday
employee_030,2,7,00:00:00,23:59:59,day,false,weekend_off_sunday
employee_031,1,1,08:00:00,18:00:00,day,true,day_shift_mon_fri
employee_031,1,2,08:00:00,18:00:00,day,true,day_shift_mon_fri
employee_031,1,3,08:00:00,18:00:00,day,true,day_shift_mon_fri
employee_031,1,4,08:00:00,18:00:00,day,true,day_shift_mon_fri
employee_031,1,5,08:00:00,18:00:00,day,true,day_shift_mon_fri
employee_031,1,6,00:00:00,23:59:59,day,false,weekend_off_saturday
employee_031,1,7,00:00:00,23:59:59,day,false,weekend_off_sunday
employee_031,2,1,08:00:00,18:00:00,day,true,day_shift_mon_fri
employee_031,2,2,08:00:00,18:00:00,day,true,day_shift_mon_fri
employee_031,2,3,08:00:00,18:00:00,day,true,day_shift_mon_fri
employee_031,2,4,08:00:00,18:00:00,day,true,day_shift_mon_fri
employee_031,2,5,08:00:00,18:00:00,day,true,day_shift_mon_fri
employee_031,2,6,00:00:00,23:59:59,day,false,weekend_off_saturday
employee_031,2,7,00:00:00,23:59:59,day,false,weekend_off_sunday
employee_032,1,1,08:00:00,18:00:00,day,true,day_shift_mon_fri
employee_032,1,2,08:00:00,18:00:00,day,true,day_shift_mon_fri
employee_032,1,3,08:00:00,18:00:00,day,true,day_shift_mon_fri
employee_032,1,4,08:00:00,18:00:00,day,true,day_shift_mon_fri
employee_032,1,5,08:00:00,18:00:00,day,true,day_shift_mon_fri
employee_032,1,6,00:00:00,23:59:59,day,false,weekend_off_saturday
employee_032,1,7,00:00:00,23:59:59,day,false,weekend_off_sunday
employee_032,2,1,08:00:00,18:00:00,day,true,day_shift_mon_fri
employee_032,2,2,08:00:00,18:00:00,day,true,day_shift_mon_fri
employee_032,2,3,08:00:00,18:00:00,day,true,day_shift_mon_fri
employee_032,2,4,08:00:00,18:00:00,day,true,day_shift_mon_fri
employee_032,2,5,08:00:00,18:00:00,day,true,day_shift_mon_fri
employee_032,2,6,00:00:00,23:59:59,day,false,weekend_off_saturday
employee_032,2,7,00:00:00,23:59:59,day,false,weekend_off_sunday
employee_033,1,1,08:00:00,18:00:00,day,true,day_shift_mon_fri
employee_033,1,2,08:00:00,18:00:00,day,true,day_shift_mon_fri
employee_033,1,3,08:00:00,18:00:00,day,true,day_shift_mon_fri
employee_033,1,4,08:00:00,18:00:00,day,true,day_shift_mon_fri
employee_033,1,5,08:00:00,18:00:00,day,true,day_shift_mon_fri
employee_033,1,6,00:00:00,23:59:59,day,false,weekend_off_saturday
employee_033,1,7,00:00:00,23:59:59,day,false,weekend_off_sunday
employee_033,2,1,08:00:00,18:00:00,day,true,day_shift_mon_fri
employee_033,2,2,08:00:00,18:00:00,day,true,day_shift_mon_fri
employee_033,2,3,08:00:00,18:00:00,day,true,day_shift_mon_fri
employee_033,2,4,08:00:00,18:00:00,day,true,day_shift_mon_fri
employee_033,2,5,08:00:00,18:00:00,day,true,day_shift_mon_fri
employee_033,2,6,00:00:00,23:59:59,day,false,weekend_off_saturday
employee_033,2,7,00:00:00,23:59:59,day,false,weekend_off_sunday
employee_034,1,1,08:00:00,18:00:00,day,true,day_shift_mon_fri
employee_034,1,2,08:00:00,18:00:00,day,true,day_shift_mon_fri
employee_034,1,3,08:00:00,18:00:00,day,true,day_shift_mon_fri
employee_034,1,4,08:00:00,18:00:00,day,true,day_shift_mon_fri
employee_034,1,5,08:00:00,18:00:00,day,true,day_shift_mon_fri
employee_034,1,6,00:00:00,23:59:59,day,false,weekend_off_saturday
employee_034,1,7,00:00:00,23:59:59,day,false,weekend_off_sunday
employee_034,2,1,08:00:00,18:00:00,day,true,day_shift_mon_fri
employee_034,2,2,08:00:00,18:00:00,day,true,day_shift_mon_fri
employee_034,2,3,08:00:00,18:00:00,day,true,day_shift_mon_fri
employee_034,2,4,08:00:00,18:00:00,day,true,day_shift_mon_fri
employee_034,2,5,08:00:00,18:00:00,day,true,day_shift_mon_fri
employee_034,2,6,00:00:00,23:59:59,day,false,weekend_off_saturday
employee_034,2,7,00:00:00,23:59:59,day,false,weekend_off_sunday
employee_035,1,1,08:00:00,18:00:00,day,true,day_shift_mon_fri
employee_035,1,2,08:00:00,18:00:00,day,true,day_shift_mon_fri
employee_035,1,3,08:00:00,18:00:00,day,true,day_shift_mon_fri
employee_035,1,4,08:00:00,18:00:00,day,true,day_shift_mon_fri
employee_035,1,5,08:00:00,18:00:00,day,true,day_shift_mon_fri
employee_035,1,6,00:00:00,23:59:59,day,false,weekend_off_saturday
employee_035,1,7,00:00:00,23:59:59,day,false,weekend_off_sunday
employee_035,2,1,08:00:00,18:00:00,day,true,day_shift_mon_fri
employee_035,2,2,08:00:00,18:00:00,day,true,day_shift_mon_fri
employee_035,2,3,08:00:00,18:00:00,day,true,day_shift_mon_fri
employee_035,2,4,08:00:00,18:00:00,day,true,day_shift_mon_fri
employee_035,2,5,08:00:00,18:00:00,day,true,day_shift_mon_fri
employee_035,2,6,00:00:00,23:59:59,day,false,weekend_off_saturday
employee_035,2,7,00:00:00,23:59:59,day,false,weekend_off_sunday
employee_036,1,1,08:00:00,18:00:00,day,true,day_shift_mon_fri
employee_036,1,2,08:00:00,18:00:00,day,true,day_shift_mon_fri
employee_036,1,3,08:00:00,18:00:00,day,true,day_shift_mon_fri
employee_036,1,4,08:00:00,18:00:00,day,true,day_shift_mon_fri
employee_036,1,5,08:00:00,18:00:00,day,true,day_shift_mon_fri
employee_036,1,6,00:00:00,23:59:59,day,false,weekend_off_saturday
employee_036,1,7,00:00:00,23:59:59,day,false,weekend_off_sunday
employee_036,2,1,08:00:00,18:00:00,day,true,day_shift_mon_fri
employee_036,2,2,08:00:00,18:00:00,day,true,day_shift_mon_fri
employee_036,2,3,08:00:00,18:00:00,day,true,day_shift_mon_fri
employee_036,2,4,08:00:00,18:00:00,day,true,day_shift_mon_fri
employee_036,2,5,08:00:00,18:00:00,day,true,day_shift_mon_fri
employee_036,2,6,00:00:00,23:59:59,day,false,weekend_off_saturday
employee_036,2,7,00:00:00,23:59:59,day,false,weekend_off_sunday
employee_037,1,1,08:00:00,18:00:00,day,true,day_shift_mon_fri
employee_037,1,2,08:00:00,18:00:00,day,true,day_shift_mon_fri
employee_037,1,3,08:00:00,18:00:00,day,true,day_shift_mon_fri
employee_037,1,4,08:00:00,18:00:00,day,true,day_shift_mon_fri
employee_037,1,5,08:00:00,18:00:00,day,true,day_shift_mon_fri
employee_037,1,6,00:00:00,23:59:59,day,false,weekend_off_saturday
employee_037,1,7,00:00:00,23:59:59,day,false,weekend_off_sunday
employee_037,2,1,08:00:00,18:00:00,day,true,day_shift_mon_fri
employee_037,2,2,08:00:00,18:00:00,day,true,day_shift_mon_fri
employee_037,2,3,08:00:00,18:00:00,day,true,day_shift_mon_fri
employee_037,2,4,08:00:00,18:00:00,day,true,day_shift_mon_fri
employee_037,2,5,08:00:00,18:00:00,day,true,day_shift_mon_fri
employee_037,2,6,00:00:00,23:59:59,day,false,weekend_off_saturday
employee_037,2,7,00:00:00,23:59:59,day,false,weekend_off_sunday
employee_038,1,1,08:00:00,18:00:00,day,true,day_shift_mon_fri
employee_038,1,2,08:00:00,18:00:00,day,true,day_shift_mon_fri
employee_038,1,3,08:00:00,18:00:00,day,true,day_shift_mon_fri
employee_038,1,4,08:00:00,18:00:00,day,true,day_shift_mon_fri
employee_038,1,5,08:00:00,18:00:00,day,true,day_shift_mon_fri
employee_038,1,6,00:00:00,23:59:59,day,false,weekend_off_saturday
employee_038,1,7,00:00:00,23:59:59,day,false,weekend_off_sunday
employee_038,2,1,08:00:00,18:00:00,day,true,day_shift_mon_fri
employee_038,2,2,08:00:00,18:00:00,day,true,day_shift_mon_fri
employee_038,2,3,08:00:00,18:00:00,day,true,day_shift_mon_fri
employee_038,2,4,08:00:00,18:00:00,day,true,day_shift_mon_fri
employee_038,2,5,08:00:00,18:00:00,day,true,day_shift_mon_fri
employee_038,2,6,00:00:00,23:59:59,day,false,weekend_off_saturday
employee_038,2,7,00:00:00,23:59:59,day,false,weekend_off_sunday
employee_039,1,1,08:00:00,18:00:00,day,true,day_shift_mon_fri
employee_039,1,2,08:00:00,18:00:00,day,true,day_shift_mon_fri
employee_039,1,3,08:00:00,18:00:00,day,true,day_shift_mon_fri
employee_039,1,4,08:00:00,18:00:00,day,true,day_shift_mon_fri
employee_039,1,5,08:00:00,18:00:00,day,true,day_shift_mon_fri
employee_039,1,6,00:00:00,23:59:59,day,false,weekend_off_saturday
employee_039,1,7,00:00:00,23:59:59,day,false,weekend_off_sunday
employee_039,2,1,08:00:00,18:00:00,day,true,day_shift_mon_fri
employee_039,2,2,08:00:00,18:00:00,day,true,day_shift_mon_fri
employee_039,2,3,08:00:00,18:00:00,day,true,day_shift_mon_fri
employee_039,2,4,08:00:00,18:00:00,day,true,day_shift_mon_fri
employee_039,2,5,08:00:00,18:00:00,day,true,day_shift_mon_fri
employee_039,2,6,00:00:00,23:59:59,day,false,weekend_off_saturday
employee_039,2,7,00:00:00,23:59:59,day,false,weekend_off_sunday
employee_040,1,1,08:00:00,18:00:00,day,true,day_shift_mon_fri
employee_040,1,2,08:00:00,18:00:00,day,true,day_shift_mon_fri
employee_040,1,3,08:00:00,18:00:00,day,true,day_shift_mon_fri
employee_040,1,4,08:00:00,18:00:00,day,true,day_shift_mon_fri
employee_040,1,5,08:00:00,18:00:00,day,true,day_shift_mon_fri
employee_040,1,6,00:00:00,23:59:59,day,false,weekend_off_saturday
employee_040,1,7,00:00:00,23:59:59,day,false,weekend_off_sunday
employee_040,2,1,08:00:00,18:00:00,day,true,day_shift_mon_fri
employee_040,2,2,08:00:00,18:00:00,day,true,day_shift_mon_fri
employee_040,2,3,08:00:00,18:00:00,day,true,day_shift_mon_fri
employee_040,2,4,08:00:00,18:00:00,day,true,day_shift_mon_fri
employee_040,2,5,08:00:00,18:00:00,day,true,day_shift_mon_fri
employee_040,2,6,00:00:00,23:59:59,day,false,weekend_off_saturday
employee_040,2,7,00:00:00,23:59:59,day,false,weekend_off_sunday
employee_041,1,1,08:00:00,18:00:00,day,true,day_shift_mon_fri
employee_041,1,2,08:00:00,18:00:00,day,true,day_shift_mon_fri
employee_041,1,3,08:00:00,18:00:00,day,true,day_shift_mon_fri
employee_041,1,4,08:00:00,18:00:00,day,true,day_shift_mon_fri
employee_041,1,5,08:00:00,18:00:00,day,true,day_shift_mon_fri
employee_041,1,6,00:00:00,23:59:59,day,false,weekend_off_saturday
employee_041,1,7,00:00:00,23:59:59,day,false,weekend_off_sunday
employee_041,2,1,08:00:00,18:00:00,day,true,day_shift_mon_fri
employee_041,2,2,08:00:00,18:00:00,day,true,day_shift_mon_fri
employee_041,2,3,08:00:00,18:00:00,day,true,day_shift_mon_fri
employee_041,2,4,08:00:00,18:00:00,day,true,day_shift_mon_fri
employee_041,2,5,08:00:00,18:00:00,day,true,day_shift_mon_fri
employee_041,2,6,00:00:00,23:59:59,day,false,weekend_off_saturday
employee_041,2,7,00:00:00,23:59:59,day,false,weekend_off_sunday
employee_042,1,1,08:00:00,18:00:00,day,true,day_shift_mon_fri
employee_042,1,2,08:00:00,18:00:00,day,true,day_shift_mon_fri
employee_042,1,3,08:00:00,18:00:00,day,true,day_shift_mon_fri
employee_042,1,4,08:00:00,18:00:00,day,true,day_shift_mon_fri
employee_042,1,5,08:00:00,18:00:00,day,true,day_shift_mon_fri
employee_042,1,6,00:00:00,23:59:59,day,false,weekend_off_saturday
employee_042,1,7,00:00:00,23:59:59,day,false,weekend_off_sunday
employee_042,2,1,08:00:00,18:00:00,day,true,day_shift_mon_fri
employee_042,2,2,08:00:00,18:00:00,day,true,day_shift_mon_fri
employee_042,2,3,08:00:00,18:00:00,day,true,day_shift_mon_fri
employee_042,2,4,08:00:00,18:00:00,day,true,day_shift_mon_fri
employee_042,2,5,08:00:00,18:00:00,day,true,day_shift_mon_fri
employee_042,2,6,00:00:00,23:59:59,day,false,weekend_off_saturday
employee_042,2,7,00:00:00,23:59:59,day,false,weekend_off_sunday
employee_043,1,1,08:00:00,18:00:00,day,true,day_shift_mon_fri
employee_043,1,2,08:00:00,18:00:00,day,true,day_shift_mon_fri
employee_043,1,3,08:00:00,18:00:00,day,true,day_shift_mon_fri
employee_043,1,4,08:00:00,18:00:00,day,true,day_shift_mon_fri
employee_043,1,5,08:00:00,18:00:00,day,true,day_shift_mon_fri
employee_043,1,6,00:00:00,23:59:59,day,false,weekend_off_saturday
employee_043,1,7,00:00:00,23:59:59,day,false,weekend_off_sunday
employee_043,2,1,08:00:00,18:00:00,day,true,day_shift_mon_fri
employee_043,2,2,08:00:00,18:00:00,day,true,day_shift_mon_fri
employee_043,2,3,08:00:00,18:00:00,day,true,day_shift_mon_fri
employee_043,2,4,08:00:00,18:00:00,day,true,day_shift_mon_fri
employee_043,2,5,08:00:00,18:00:00,day,true,day_shift_mon_fri
employee_043,2,6,00:00:00,23:59:59,day,false,weekend_off_saturday
employee_043,2,7,00:00:00,23:59:59,day,false,weekend_off_sunday
employee_044,1,1,08:00:00,18:00:00,day,true,day_shift_mon_fri
employee_044,1,2,08:00:00,18:00:00,day,true,day_shift_mon_fri
employee_044,1,3,08:00:00,18:00:00,day,true,day_shift_mon_fri
employee_044,1,4,08:00:00,18:00:00,day,true,day_shift_mon_fri
employee_044,1,5,08:00:00,18:00:00,day,true,day_shift_mon_fri
employee_044,1,6,00:00:00,23:59:59,day,false,weekend_off_saturday
employee_044,1,7,00:00:00,23:59:59,day,false,weekend_off_sunday
employee_044,2,1,08:00:00,18:00:00,day,true,day_shift_mon_fri
employee_044,2,2,08:00:00,18:00:00,day,true,day_shift_mon_fri
employee_044,2,3,08:00:00,18:00:00,day,true,day_shift_mon_fri
employee_044,2,4,08:00:00,18:00:00,day,true,day_shift_mon_fri
employee_044,2,5,08:00:00,18:00:00,day,true,day_shift_mon_fri
employee_044,2,6,00:00:00,23:59:59,day,false,weekend_off_saturday
employee_044,2,7,00:00:00,23:59:59,day,false,weekend_off_sunday
